title,cover,score,synopsis,Status,Author,Genres
Berserk,https://cdn.myanimelist.net/images/manga/1/157897.jpg,9.42,"Guts, a former mercenary now known as the ""Black Swordsman,"" is out for revenge. After a tumultuous childhood, he finally finds someone he respects and believes he can trust, only to have everything fall apart when this person takes away everything important to Guts for the purpose of fulfilling his own desires. Now marked for death, Guts becomes condemned to a fate in which he is relentlessly pursued by demonic beings.

Setting out on a dreadful quest riddled with misfortune, Guts, armed with a massive sword and monstrous strength, will let nothing stop him, not even death itself, until he is finally able to take the head of the one who stripped him—and his loved one—of their humanity.",On Hiatus,"Miura, Kentarou",Action
Vagabond,https://myanimelist.net/manga/656/Vagabond/pics,9.15,"In 16th-century Japan, Shinmen Takezou is a wild, rough young man, in both his appearance and his actions. His aggressive nature has won him the collective reproach and fear of his village, leading him and his best friend, Matahachi Honiden, to run away in search of something grander than provincial life. The pair enlist in the Toyotomi army, yearning for glory—but when the Toyotomi suffer a crushing defeat at the hands of the Tokugawa Clan at the Battle of Sekigahara, the friends barely make it out alive.

After the two are separated, Shinmen returns home on a self-appointed mission to notify the Hon'iden family of Matahachi's survival. He instead finds himself a wanted criminal, framed for his friend's supposed murder based on his history of violence. Upon being captured, he is strung up on a tree and left to die. An itinerant monk, the distinguished Takuan Soho, takes pity on the ""devil child,"" secretly freeing Shinmen and christening him with a new name to avoid pursuit by the authorities: Musashi Miyamoto.

Vagabond is the fictitious retelling of the life of one of Japan's most renowned swordsmen, the ""Sword Saint"" Musashi Miyamoto—his rise from a swordsman with no desire other than to become ""Invincible Under the Heavens"" to an enlightened warrior who slowly learns of the importance of close friends, self-reflection, and life itself.",On Hiatus,"Inoue, Takehiko",Action
Fullmetal Alchemist,https://myanimelist.net/manga/25/Fullmetal_Alchemist/pics,9.07,"Alchemists are knowledgeable and naturally talented individuals who can manipulate and modify matter due to their art. Yet despite the wide range of possibilities, alchemy is not as all-powerful as most would believe. Human transmutation is strictly forbidden, and whoever attempts it risks severe consequences. Even so, siblings Edward and Alphonse Elric decide to ignore this great taboo and bring their mother back to life. Unfortunately, not only do they fail in resurrecting her, they also pay an extremely high price for their arrogance: Edward loses his left leg and Alphonse his entire body. Furthermore, Edward also gives up his right arm in order to seal his brother's soul into a suit of armor.

Years later, the young alchemists travel across the country looking for the Philosopher's Stone, in the hopes of recovering their old bodies with its power. However, their quest for the fated stone also leads them to unravel far darker secrets than they could ever imagine.",Finished,"Arakawa, Hiromu",Action
Kingdom,https://myanimelist.net/manga/16765/Kingdom/pics,9,"During the Warring States period in China, Li Xin and Piao are two brother-like youngsters who dream of becoming Great Generals, despite their low status as orphaned slaves. One day, they encounter a man of nobility, who gives Piao an opportunity to undertake an important duty within the state of Qin's royal palace. Parting ways, Xin and Piao promise each other to one day become the greatest generals in the world. However, after a fierce coup d'état occurs in the palace, Xin meets with a dying Piao, whose last words spur him into action and lead him to encounter the young and soon-to-be king of Qin, Ying Zheng.

Although initially on bad terms, Xin and Zheng become comrades and start on a path filled with trials and bloodshed. Zheng's objective is to bring all the warring states under Qin, and Xin seeks to climb to the very top of the army ranks. Against a backdrop of constant tactical battle between states and great political unrest, both outside and within the palace, the two endeavor towards their monumental ambitions that will change history forever.",Publishing,"Hara, Tasuhisa",Action
GTO,https://myanimelist.net/manga/336/GTO/pics,8.88,"22-year-old Eikichi Onizuka: pervert, former gang member... and teacher?

Great Teacher Onizuka follows the incredible, though often ridiculous, antics of the titular teacher as he attempts to outwit and win over the cunning Class 3-4 that is determined to have him removed from the school. However, other obstacles present themselves throughout—including the frustrated, balding vice principal, Hiroshi Uchiyamada; old enemies from his biker days; and his own idiotic teaching methods. But Eikichi fights it all whilst trying to help his students, romance fellow teacher Azusa Fuyutsuki, and earn his self-proclaimed title.",Finished,"Fujisawa, Tohru",Action
One-Punch Man,https://myanimelist.net/manga/44347/One_Punch-Man/pics,8.62,"After rigorously training for three years, the ordinary Saitama has gained immense strength which allows him to take out anyone and anything with just one punch. He decides to put his new skill to good use by becoming a hero. However, he quickly becomes bored with easily defeating monsters, and wants someone to give him a challenge to bring back the spark of being a hero.

Upon bearing witness to Saitama's amazing power, Genos, a cyborg, is determined to become Saitama's apprentice. During this time, Saitama realizes he is neither getting the recognition that he deserves nor known by the people due to him not being a part of the Hero Association. Wanting to boost his reputation, Saitama decides to have Genos register with him, in exchange for taking him in as a pupil. Together, the two begin working their way up toward becoming true heroes, hoping to find strong enemies and earn respect in the process.",Publishing,"Murata, Yusuke",Action
Akira,https://myanimelist.net/manga/664/Akira/pics,8.6,"1988: It is World War III. Tokyo is decimated by a mysterious black explosion, unmatched in magnitude.

2019: Fast forward 31 years. Neo-Tokyo, hastily built on the ruins of old Tokyo, is a sprawling cityscape of neon extravaganza. It is a fusion of towering skyscrapers and cutting-edge technology that is permeated through and through with an explosive, hyper-violent cocktail of biker gangs, poverty, and revolutionaries. In this derelict metropolis live Tetsuo Shima and Shoutarou Kaneda, two bikers who are the best of friends and the fiercest of rivals, despite being affiliated with the same gang. Desperate to prove himself as Kaneda's equal, Tetsuo unwittingly pulls a stunt that culminates in the awakening of a cryptic existence that threatens to change both the face of Neo-Tokyo and the lives of those who call the city their home—the awakening of a government secret simply known as Akira.",Finished,"Otomo, Katsuhiro",Action
86,https://myanimelist.net/manga/104039/86/pics,8.59,"Nine years ago, the Empire of Giad declared war on all neighboring countries using an army of autonomous drones known as the Legion. Threatened by the soulless killing machines, the Republic of San Magnolia, home to the silver-haired Alba race, evacuated its citizens inside 85 districts and developed supposedly unmanned drones known as Juggernauts to counter the Legion. Even after years of war, the Republic boasts that they have suffered zero casualties. However, the battlefield bathed in crimson recites a different melody...

The hand dealt to the Colorata people—a minority forced into living in the ""nonexistent"" 86th district—is one of utter contempt and scorn. Looked upon as human filth, they are ordered to pilot the Juggernauts as Processors under the command of Republican Handlers.

Vladilena Milizé, a republican soldier with a strong sense of justice, detests the way her countrymen treat the 86. When she is assigned to the Spearhead Squadron as their handler, she meets a group of oddballs and eventually grows attached to them—particularly their captain, Shinei Nouzen, a boy with a pure sense of purpose and resolve. However, the path they walk is one riddled with death, and growing close to an 86 may have just set Vladilena down a path of despair.",Publishing,Shirabi,Action
Chainsaw Man,https://myanimelist.net/manga/116778/Chainsaw_Man/pics,8.58,"Denji has a simple dream—to live a happy and peaceful life, spending time with a girl he likes. This is a far cry from reality, however, as Denji is forced by the yakuza into killing devils in order to pay off his crushing debts. Using his pet devil Pochita as a weapon, he is ready to do anything for a bit of cash.

Unfortunately, he has outlived his usefulness and is murdered by a devil in contract with the yakuza. However, in an unexpected turn of events, Pochita merges with Denji's dead body and grants him the powers of a chainsaw devil. Now able to transform parts of his body into chainsaws, a revived Denji uses his new abilities to quickly and brutally dispatch his enemies. Catching the eye of the official devil hunters who arrive at the scene, he is offered work at the Public Safety Bureau as one of them. Now with the means to face even the toughest of enemies, Denji will stop at nothing to achieve his simple teenage dreams.",Finished,"Fujimoto, Tatsuki",Action
JoJo's Bizarre Adventure: Stone Ocean,https://cdn.myanimelist.net/images/anime/1896/119844.jpg,8.99,"In Florida, 2011, Jolyne Kuujou sits in a jail cell like her father Joutarou once did; yet this situation is not of her own choice. Framed for a crime she didn’t commit, and manipulated into serving a longer sentence, Jolyne is ready to resign to a dire fate as a prisoner of Green Dolphin Street Jail. Though all hope seems lost, a gift from Joutarou ends up awakening her latent abilities, manifesting into her Stand, Stone Free. Now armed with the power to change her fate, Jolyne sets out to find an escape from the stone ocean that holds her.

However, she soon discovers that her incarceration is merely a small part of a grand plot: one that not only takes aim at her family, but has additional far-reaching consequences. What's more, the mastermind is lurking within the very same prison, and is under the protection of a lineup of menacing Stand users. Finding unlikely allies to help her cause, Jolyne sets course to stop their plot, clear her name, and take back her life.",Currently Airing,David Production,Action
"JoJo's Bizarre Adventure Part 7: Steel Ball Run, SBR",https://cdn.myanimelist.net/images/manga/3/179882.jpg,9.25,"In the American Old West, the world's greatest race is about to begin. Thousands line up in San Diego to travel over six thousand kilometers for a chance to win the grand prize of fifty million dollars. With the era of the horse reaching its end, contestants are allowed to use any kind of vehicle they wish. Competitors will have to endure grueling conditions, traveling up to a hundred kilometers a day through uncharted wastelands. The Steel Ball Run is truly a one-of-a-kind event.

The youthful Johnny Joestar, a crippled former horse racer, has come to San Diego to watch the start of the race. There he encounters Gyro Zeppeli, a racer with two steel balls at his waist instead of a gun. Johnny witnesses Gyro using one of his steel balls to unleash a fantastical power, compelling a man to fire his gun at himself during a duel. In the midst of the action, Johnny happens to touch the steel ball and feels a power surging through his legs, allowing him to stand up for the first time in two years. Vowing to find the secret of the steel balls, Johnny decides to compete in the race, and so begins his bizarre adventure across America on the Steel Ball Run.",Finished,"Araki, Hirohiko",Action
One Piece,https://myanimelist.net/manga/13/One_Piece/pics,9.17,"Gol D. Roger, a man referred to as the ""Pirate King,"" is set to be executed by the World Government. But just before his demise, he confirms the existence of a great treasure, One Piece, located somewhere within the vast ocean known as the Grand Line. Announcing that One Piece can be claimed by anyone worthy enough to reach it, the Pirate King is executed and the Great Age of Pirates begins.

Twenty-two years later, a young man by the name of Monkey D. Luffy is ready to embark on his own adventure, searching for One Piece and striving to become the new Pirate King. Armed with just a straw hat, a small boat, and an elastic body, he sets out on a fantastic journey to gather his own crew and a worthy ship that will take them across the Grand Line to claim the greatest status on the high seas.",Publishing,"Oda, Eiichiro",Comedy
Grand Blue Dreaming,https://myanimelist.net/manga/70345/Grand_Blue/pics,9.04,"Among the seaside town of Izu's ocean waves and rays of shining sun, Iori Kitahara is just beginning his freshman year at Izu University. As he moves into his uncle's scuba diving shop, Grand Blue, he eagerly anticipates his dream college life, filled with beautiful girls and good friends.

But things don't exactly go according to plan. Upon entering the shop, he encounters a group of rowdy, naked upperclassmen, who immediately coerce him into participating in their alcoholic activities. Though unwilling at first, Iori quickly gives in and becomes the heart and soul of the party. Unfortunately, this earns him the scorn of his cousin, Chisa Kotegawa, who walks in at precisely the wrong time. Undeterred, Iori still vows to realize his ideal college life, but will things go according to plan this time, or will his situation take yet another dive?",Publishing,"Yoshioka, Kimitake",Comedy
Slam Dunk,https://myanimelist.net/manga/51/Slam_Dunk/pics,9.03,"Hanamichi Sakuragi, a tall, boisterous teenager with flame-red hair and physical strength beyond his years, is eager to put an end to his rejection streak of 50 and finally score a girlfriend as he begins his first year of Shohoku High. However, his reputation for delinquency and destructiveness precedes him, and most of his fellow students subsequently avoid him like the plague. As his first day of school ends, he is left with two strong thoughts: ""I hate basketball"" and ""I need a girlfriend.""

Haruko Akagi, ignorant of Hanamichi's history of misbehavior, notices his immense height and unwittingly approaches him, asking whether or not he likes basketball. Overcome by the fact that a girl is speaking to him, the red-haired giant blurts out a yes despite his true feelings. At the gym, Haruko asks if he can do a slam dunk. Though a complete novice, Hanamachi palms the ball and makes the leap...but overshoots, slamming his head into the backboard. Amazed by his near-inhuman physical abilities, Haruko quickly notifies the school's basketball captain of his feat. With this, Hanamichi is unexpectedly thrust into a world of competition for a girl he barely knows, but he soon discovers that there is perhaps more to basketball than he once thought.",Finished,"Inoue, Takehiko",Comedy
Monogatari Series: Second Season,https://myanimelist.net/manga/23751/Monogatari_Series__Second_Season/pics,8.91,"This is a story. A story about choices and consequences, confessions resulting in love and rejection, and decisions leading to sacrifice and tragedy.

Koyomi Araragi's decision to save a blonde vampire and meddle with the supernatural resulted in his death as a human and rebirth as a monster. But this was only one of the countless tragedies and choices that Koyomi would be faced with, and he is confronted with the fact that his seemingly unshakeable and hard-earned relationships do not last. As strange oddities continue to manifest in the world around him, he is faced with impossible choices—to sever his ties with those he loves, or eternally remain a part of the world of monsters and apparitions and watch the world crumble as a result. To accept or reject a confession, and sacrifice his all for the sake of others. However, both of these paths could lead to tragedy and farewells.

This is a story. A story about Koyomi Araragi coming to realize the consequences of his choices.",Finished,VOFAN,Comedy
Yotsuba&!,https://myanimelist.net/manga/104/Yotsuba_to/pics,8.86,"While most people find the world mundane, five-year-old Yotsuba Koiwai sees it as a treasure trove of amazing bustle and wonderful places to explore. When she and her adoptive father, Yousuke, move to a new city, the energetic young girl naturally sets out to investigate the neighborhood on her own.

After a few incidents at the local park, the Koiwais become acquainted with their neighbors, the Ayase family. Their three daughters—mischievous college student Asagi, responsible high school student Fuuka, and kindhearted grade school student Ena—eventually all take a liking to Yotsuba and join in on her antics, despite their sheer ridicule.

From learning how to use a swing to figuring out how to stop global warming with air conditioners, Yotsuba's ability to infallibly find fun in everything, both amazes and annoys the people around her. Along with Yousuke, the Ayases, and friends she makes along the way, Yotsuba embarks on daily adventures, each one a step in her quest to enjoy the simple things in life.",Publishing,"Azuma, Kiyohiko",Comedy
Vinland Saga,https://myanimelist.net/manga/642/Vinland_Saga/pics,8.98,"Thorfinn, son of one of the Vikings' greatest warriors, is among the finest fighters in the merry band of mercenaries run by the cunning Askeladd, an impressive feat for a person his age. However, Thorfinn is not part of the group for the plunder it entails—instead, for having caused his family great tragedy, the boy has vowed to kill Askeladd in a fair duel. Not yet skilled enough to defeat him, but unable to abandon his vengeance, Thorfinn spends his boyhood with the mercenary crew, honing his skills on the battlefield among the war-loving Danes, where killing is just another pleasure of life.

One day, when Askeladd receives word that Danish prince Canute has been taken hostage, he hatches an ambitious plot—one that will decide the next King of England and drastically alter the lives of Thorfinn, Canute, and himself. Set in 11th-century Europe, Vinland Saga tells a bloody epic in an era where violence, madness, and injustice are inescapable, providing a paradise for the battle-crazed and utter hell for the rest who live in it.",Publishing,"Yukimura, Makoto",Comedy
Ashita no Joe,https://myanimelist.net/manga/1303/Ashita_no_Joe/pics,8.93,"Joe Yabuki has learned how to toughen up and stop trusting others after a troubling youth spent bouncing between orphanages and fending off bullies. After finally escaping the cycle of violent temporary homes, Joe adopts a delinquent lifestyle in the streets of San'ya, a slum in Tokyo. He makes his way through the world with his fists, picking fights with anyone he pleases.

Danpei Tange, a washed-up and alcoholic former boxing coach, notices Joe's animalistic combat ability and attempts to mentor the wild teenager. Despite developing an explosive relationship, the two form a close bond and rely on each other to look after the other homeless children in San'ya.

Unable to abandon his destructive habits, Joe is arrested for petty crimes. In jail, he meets and fights with lifelong friends and rivals, including the boxing prodigy Tooru Rikiishi. Continuously challenging Rikiishi to fights, Joe is knocked out time after time due to his savage brawling style failing in the face of Rikiishi's controlled boxing technique. But eventually, Joe stuns his rival with a knockout blow, earning Rikiishi's respect and the promise that they will one day meet again inside the professional ring.

Finding a reason to live within boxing, Joe takes life head-on with a new purpose. As he rises through Japan's amateur and professional boxing scenes, he contends with painful loss and increasing injury. Joe's passion for fighting is all-consuming, and he grapples with the idea that a life without boxing may not be one worth living.",Finished,"Chiba, Tetsuya",Comedy
Real,https://myanimelist.net/manga/657/Real/pics,8.81,"Tomomi Nomiya, former captain of his high school's basketball team turned delinquent, decides to drop out of school after he is crushed by the guilt of ruining a young girl's life in a traffic accident. As he dedicates his free time to helping her, he stumbles upon Kiyoharu Togawa, a former sprinter who has lost the use of his right leg and now plays wheelchair basketball as an alternate outlet.

After challenging Kiyoharu to a one-on-one game, Tomomi is completely defeated. Inspired by this encounter, he realizes that he can't let his love for basketball die so easily and decides that he will do what he can to help others while striving to become a professional player. Meanwhile, Hisanobu Takahashi, Tomomi's replacement as the high school's team captain, gets into an accident and finds himself permanently paralyzed below the waist. Real tells the touching tale of these three young men as they struggle to overcome their disabilities and inner conflicts in order to achieve their dreams while igniting a passion that will bring them together.",Publishing,"Inoue, Takehiko",Comedy
Haikyu!!,https://myanimelist.net/manga/35243/Haikyuu/pics,8.77,"The whistle blows. The ball is up. A dig. A set. A spike.

Volleyball. A sport where two teams face off, separated by a formidable, wall-like net.

The ""Little Giant,"" standing at only 170 cm, overcomes the towering net and the wall of blockers. The awe-inspired Shouyou Hinata looks on at the ace's crow-like figure. Determined to reach great heights like the Little Giant, small-statured Hinata finally manages to form a team in his last year of junior high school, and enters his first volleyball tournament. However, his team is utterly defeated in their first game against the powerhouse school Kitagawa Daiichi, led by the genius, but oppressive setter dubbed the ""King of the Court,"" Tobio Kageyama.

Hinata enrolls into Karasuno High School seeking to take revenge against Kageyama in an official high school match and to follow in the Little Giant's footsteps—but his plans are ruined when he opens the gymnasium door to find Kageyama as one of his teammates.

Now, Hinata must establish himself on the team and work alongside the problematic Kageyama to overcome his shortcomings and to fulfill his dream of making it to the top of the high school volleyball world.",Finished,"Furudate, Haruichi",Comedy
Monster,https://myanimelist.net/manga/1/Monster/pics,9.11,"Kenzou Tenma, a renowned Japanese neurosurgeon working in post-war Germany, faces a difficult choice: to operate on Johan Liebert, an orphan boy on the verge of death, or on the mayor of Düsseldorf. In the end, Tenma decides to gamble his reputation by saving Johan, effectively leaving the mayor for dead.

As a consequence of his actions, hospital director Heinemann strips Tenma of his position, and Heinemann's daughter Eva breaks off their engagement. Disgraced and shunned by his colleagues, Tenma loses all hope of a successful career—that is, until the mysterious killing of Heinemann gives him another chance.

Nine years later, Tenma is the head of the surgical department and close to becoming the director himself. Although all seems well for him at first, he soon becomes entangled in a chain of gruesome murders that have taken place throughout Germany. The culprit is a monster—the same one that Tenma saved on that fateful day nine years ago.",Finished,"Urasawa, Naoki",Drama
Goodnight Punpun,https://myanimelist.net/manga/4632/Oyasumi_Punpun/pics,9.05,"Punpun Onodera is a normal 11-year-old boy living in Japan. Hopelessly idealistic and romantic, Punpun begins to see his life take a subtle—though nonetheless startling—turn to the adult when he meets the new girl in his class, Aiko Tanaka. It is then that the quiet boy learns just how fickle maintaining a relationship can be, and the surmounting difficulties of transitioning from a naïve boyhood to a convoluted adulthood. When his father assaults his mother one night, Punpun realizes another thing: those whom he looked up to were not as impressive as he once thought.

As his problems increase, Punpun's once shy demeanor turns into voluntary reclusiveness. Rather than curing him of his problems and conflicting emotions, this merely intensifies them, sending him down the dark path of maturity in this grim coming-of-age saga.",Finished,"Asano, Inio",Drama
March Comes in Like a Lion,https://myanimelist.net/manga/1224/3-gatsu_no_Lion/pics,8.89,"Rei Kiriyama is an extraordinary shogi player. Among the few elites to have gone professional as a middle school student, he is considered a genius. But what lies behind his prodigious facade is a teenage boy who suffers immense pressure from both his family, and from the high expectations from the shogi community. Rei moves out to live a more independent life away from his family, but his unorganized lifestyle and unsociable personality show no signs of improvement.

However, in a twist of fate that will prove to be a turning point in his life, Rei then encounters the Kawamoto sisters—the motherly Akari, the passionate Hinata, and the energetic Momo—who take great care of him. 3-gatsu no Lion tells the story of Rei as he reshapes his melancholic life and picks up the courage to begin facing the problems he evaded during his past.",Publishing,"Umino, Chika",Drama
Classroom of the Elite: Year 2,https://myanimelist.net/manga/123992/Youkoso_Jitsuryoku_Shijou_Shugi_no_Kyoushitsu_e__2-nensei-hen/pics,8.87,"As Kiyotaka Ayanokouji and his classmates begin their second-year life, changes are seen everywhere throughout Tokyo Metropolitan Advanced Nurturing High School. With the third-years having graduated and incoming first-years entering the school, alliances are well underway. Additionally, now that Miyabi Nagumo is the student council president, the promise of turning the school into a meritocracy may become a reality.

Meanwhile, conflicts between classes continue to build as the class point totals draw close. With another special exam looming ahead, will Ayanokouji remain in the shadows, or will he finally enter the spotlight and help his class rise to the illustrious Class A?",Publishing,"Tomose, Shunsaku",Drama
A Silent Voice,https://myanimelist.net/manga/56805/Koe_no_Katachi/pics,8.85,"Shouya Ishida, a mischievous elementary school student, finds himself troubled by deaf transfer student Shouko Nishimiya. Despite her genuine attempts to befriend her new classmates, Shouko only proves herself to be an annoyance for Shouya and his friends, provoking them to ridicule her at any possible chance. Soon enough, their taunts turn into constant assault—yet the teachers heartlessly remain apathetic to the situation.

Shouya's misdeeds are finally stopped when Shouko transfers to another school. Denying their involvement, the entire class puts the blame on Shouya. As the new victim of bullying, Shouya gradually becomes meek and reclusive, being treated with contempt and disregard for years to come.

Now a high school student, Shouya meets Shouko again for the first time in five years. Still tormented by his past actions, Shouya is determined to make amends for his mistakes and confront his trauma—even if he must face arduous obstacles along the way.",Finished,"Ooima, Yoshitoki",Drama
Classroom of the Elite,https://myanimelist.net/manga/89357/Youkoso_Jitsuryoku_Shijou_Shugi_no_Kyoushitsu_e/pics,8.84,"Receiving funding from the government to nurture the next generation's hopefuls, Tokyo Metropolitan Advanced Nurturing High School brings together the brightest youth of Japan onto a single campus. At this seemingly perfect institution, the reserved Kiyotaka Ayanokouji arrives as an incoming member of class 1-D, where he befriends one of his classmates, the antisocial Suzune Horikita.

At first, his peers revel in the academy's leisurely lifestyle, taking advantage of all of its state-of-the-art facilities. Soon enough, however, the facade of Tokyo Metropolitan Advanced Nurturing High School gives way to its true nature—only the top scoring classes can fully utilize the school's offerings, and Class D is the furthest from such a status. Standing at the bottom of the hierarchy, Class D houses all of the school's ""worst"" students.

Following this rude awakening, Ayanokouji, Horikita, and the rest of Class D must overcome their differences and clash against other classes in order to climb to the coveted position of Class A by any means necessary.",Finished,"Tomose, Shunsaku",Drama
Space Brothers,https://myanimelist.net/manga/14483/Uchuu_Kyoudai/pics,8.74,"""A big brother must always stay ahead of his younger brother. That is my responsibility as the older sibling""—these are the words that have always motivated Mutta Nanba to try his best when it came to his younger brother Hibito. So naturally, in the summer of 2006 when the Nanba brothers witness something strange in the night sky, Hibito declared that he would become an astronaut and travel to the Moon, while Mutta countered with the affirmation that he would go to Mars. That was the promise they made to each other.

Now in 2025, while Hibito is working with NASA and preparing to become the first Japanese to land on the moon, Mutta has been fired from his job in an automotive development company. Having difficulty finding another job, Mutta is given a lifetime opportunity when he receives a letter from JAXA—the Japan Aerospace Exploration Agency—telling him that he's been accepted to participate in the next astronaut selection. As if fate has given him a chance to fulfill the promise he made all those years ago, Mutta undertakes the difficult challenge of going to space.",Publishing,"Koyama, Chuuya",Drama
I sold my life for ten thousand yen per year.,https://myanimelist.net/manga/100448/Jumyou_wo_Kaitotte_Moratta_Ichinen_ni_Tsuki_Ichimanen_de/pics,8.71,"Helpless and struggling for cash, 20-year-old Kusunoki sells the last of his possessions to buy food. Noticing his poverty, an old shop owner directs him to a store that supposedly purchases lifespan, time, and health. While not completely believing the man's words, Kusunoki nevertheless finds himself at the address out of desperation and curiosity.

Kusunoki is crushed when he finds out the true monetary value of his lifespan—totaling a meager three hundred thousand yen. Deciding to sell the next 30 years of his life for ten thousand yen per year, Kusunoki is left with only three months to live. After heading home with the money, he is greeted by an unexpected visitor: the same store clerk he sold his lifespan to. She introduces herself as Miyagi, the one tasked with the job of observing him until the last three days of his life.

Jumyou wo Kaitotte Moratta. Ichinen ni Tsuki, Ichimanen de. follows the remaining three months of Kusunoki's life as he confronts lingering regrets from the past and discovers what truly gives life value.",Finished,"Taguchi, Shouichi",Drama
Blue Period,https://myanimelist.net/manga/107931/Blue_Period/pics,8.65,"Second-year high school student Yatora Yaguchi is bored with his normal life. He studies well and plays around with his friends, but in truth, he does not enjoy either of those activities. Bound by norms, he secretly envies those who do things differently.

That is until he discovers the joy of drawing. When he sees a painting made by a member of the Art Club, Yatora becomes fascinated with the colors used in it. Later, in an art exercise, he tries to convey his language without words but instead through painting. After that experience, Yatora finds himself so invested in art that he decides that it is what he wants to do for a living. But there stand multiple obstacles in his way: his parents who are hesitant over his unique choices, his more experienced peers, and the study of a subject much deeper than he initially expected.",Publishing,"Yamaguchi, Tsubasa",Drama
Yokohama Kaidashi Kikou,https://myanimelist.net/manga/4/Yokohama_Kaidashi_Kikou/pics,8.64,"In a post-apocalyptic world where an environmental disaster led to the eruption of Mt. Fuji and the inundation of Yokohama, the age of humans is in its twilight. Alpha Hatsuseno is an android and the namesake of a small cafe outside Yokohama. As her owner is away on a trip indefinitely, she has been left responsible for running the cafe. Although she rarely gets any customers, Alpha remains outgoing and cheerful.

While Alpha awaits her owner's homecoming, she explores the vicinity with her scooter and camera. Throughout her journeys, she meets new people and other androids, making memories along the way.

Yokohama Kaidashi Kikou is a beautiful, laid-back story centered around Alpha's daily activities, emphasizing the passing of time in everyday life.",Finished,"Ashinano, Hitoshi",Drama
Three Days of Happiness,https://myanimelist.net/manga/126479/Mikkakan_no_Koufuku/pics,8.63,"Kusunoki used to believe he was destined for great things. Ostracized as a child, he held on to a belief that a good life was waiting for him in the years ahead. Now approaching the age of twenty, he's a completely mediocre college student with no motivation, no dreams, and no money. After learning he can sell his remaining years—and just how little they're worth—he chooses to divest himself of all but his last three months. Has Kusunoki truly destroyed his last chance to find happiness...or has he somehow found it?",Finished,"Miaki, Sugaru",Drama
20th Century Boys,https://myanimelist.net/manga/3/20th_Century_Boys/pics,8.94,"As the 20th century approaches its end, people all over the world are anxious that the world is changing. And probably not for the better.

Kenji Endo is a normal convenience store manager who's just trying to get by. But when he learns that one of his old friends going by the name ""Donkey"" has suddenly committed suicide, and that a new cult led by a figure known as ""Friend"" is becoming more notorious, Kenji starts to feel that something isn't right. With a few key clues left behind by his deceased friend, Kenji realizes that this cult is much more than he ever thought it would be—not only is this mysterious organization directly targeting him and his childhood friends, but the whole world also faces a grave danger that only the friends have the key to stop.

Kenji's simple life of barely making ends meet is flipped upside down when he reunites with his childhood friends, and together they must figure out the truth of how their past is connected to the cult, as the turn of the century could mean the possible end of the world.",Finished,"Urasawa, Naoki",Mystery
Land of the Lustrous,https://myanimelist.net/manga/44489/Houseki_no_Kuni/pics,8.9,"Long ago, Earth was struck by six meteorites, creating six moons and leaving a lone island in their wake. Those who could not make it to the island sank to the bottom of the ocean, where, over time, they slowly turned to crystal. As countless millennia passed, 28 of these crystallized lifeforms, known as the Lustrous, rose from the depths and resided on the island. Led by the wise Kongou-sensei, they must defend themselves against the seemingly infinite number of Lunarians, inhabitants of the moons who seek to harvest their valuable bodies for crafting weapons and jewelry.

Houseki no Kuni centers around Phosphophyllite, a young gem about to turn three hundred years old. Clumsy, extremely fragile, and having no visible talent, they are one of the weakest gems around, unable to help in the fight against the Lunarians in any meaningful way. But as the battle with the otherworldly invaders rages on, they soon learn that power comes at a cost that no one should have to pay.",Publishing,"Ichikawa, Haruko",Mystery
Monogatari Series: Final Season,https://cdn.myanimelist.net/images/manga/1/181554.jpg,8.83,"This is a story. The end to the saga of Koyomi Araragi.

This half-human, half-vampire has stood on the line between reality and the supernatural for far too long. The end to his indecision has finally come. Piece by piece, his humanity was falling away, starting with his reflection. He was becoming one of them—a vampire.

Now, Araragi must choose which world to live in and which to give up. To remain human, he must abandon the friends he made through encounters with the supernatural. On the other hand, he would have to sacrifice his humanity to stay with those he holds dear.

Koyomi Araragi must decide, and his decision will haunt him until the very end. Either way, tragedy seems inevitable, a culmination of every choice made since the very beginning.",Finished,VOFAN,Mystery
Spice & Wolf,https://myanimelist.net/manga/9115/Ookami_to_Koushinryou/pics,8.82,"A young traveling merchant, Kraft Lawrence has become accustomed to days of roaming and trading, with few companions. Or so it was until one peculiar day where the trader finds a young, naked, wolf-like girl asleep in his wagon.

The beautiful girl, calling herself Holo, claims to be a local wolf deity worshipped by locals as the God of Good Harvest. Year after year, she ensured they would reap a good harvest, but she has since grown tired of fulfilling the wishes of the ungrateful locals.

Holo ends up striking a deal with Kraft: if he helps her escape the villagers, she will gladly help him in his merchant endeavors. Together, they roam from town to town in search of business, and Kraft realizes both the ups and downs of traveling with a haughty and shrewd wolf goddess.",Publishing,"Ayakura, Juu",Mystery
Nausicaa of the Valley of the Wind,https://myanimelist.net/manga/651/Kaze_no_Tani_no_Nausica%C3%A4/pics,8.8,"Humanity, once a technologically advanced and thriving civilization, has been pushed to the brink of extinction following a cataclysmic war known as the ""Seven Days of Fire."" The remnants of the human race now live in scattered kingdoms to avoid the unrelenting spread of the ""Sea of Corruption,"" a colossal forest infested with dangerous mutant insects and fungi that produce poisonous spores.

Nausicaä, sole heir to the throne of the agricultural kingdom Valley of the Wind, is thrust into a war after an ally kingdom, the imperialist Torumekia, invades the Dorok Empire. Forced to fight alongside the Torumekian military and their cunning princess Kushana, Nausicaä witnesses firsthand the horrors of war and its effect on both humanity and the environment. With her uncanny charisma and gentle nature, Nausicaä may be the only for hope for humanity as the ongoing war and the Sea of Corruption hasten the extinction of mankind.

Set against the backdrop of a devastated world, Kaze no Tani no Nausicaä depicts the aftermath of human folly and the immortal power of nature.",Finished,"Miyazaki, Hayao",Mystery
Solo leveling,https://myanimelist.net/manga/121496/Solo_Leveling/pics,8.79,"Ten years ago, ""the Gate"" appeared and connected the real world with the realm of magic and monsters. To combat these vile beasts, ordinary people received superhuman powers and became known as ""Hunters."" Twenty-year-old Sung Jin-Woo is one such Hunter, but he is known as the ""World's Weakest,"" owing to his pathetic power compared to even a measly E-Rank. Still, he hunts monsters tirelessly in low-rank Gates to pay for his mother's medical bills.

However, this miserable lifestyle changes when Jin-Woo—believing himself to be the only one left to die in a mission gone terribly wrong—awakens in a hospital three days later to find a mysterious screen floating in front of him. This ""Quest Log"" demands that Jin-Woo completes an unrealistic and intense training program, or face an appropriate penalty. Initially reluctant to comply because of the quest's rigor, Jin-Woo soon finds that it may just transform him into one of the world's most fearsome Hunters.",Publishing,"Jang, Sung-rak",Mystery
Yona of the Dawn,https://myanimelist.net/manga/21525/Akatsuki_no_Yona/pics,8.78,"Once upon a time, the kingdom of Kouka was ruled by a red dragon in human form. By his side, four warriors imbued with dragon blood helped him lead the kingdom to prosperity. Time passed, and this tale became a legend to tell children.

As the sole princess of Kouka, Yona lives a life of lavish ease. In love with her cousin, Su-won, and protected by her bodyguard, Son Hak, she wants for nothing and remains sheltered from the harrowing reality outside the castle walls. Contrary to this peaceful illusion, Kouka is about to undergo a political upheaval. After her beloved Su-won stages a bloody coup and murders her father, Yona is forced to flee with only Hak by her side.

Though surrounded by enemies on all sides, the banished princess still yearns to save her kingdom. Her solution comes from an exiled priest, who tells her that her only hope is to find the four legendary dragon warriors. Guided by this seemingly fictitious myth, Yona sets out to find these warriors, determined to restore her kingdom.",Publishing,"Kusanagi, Mizuho",Mystery
Made in Abyss,https://myanimelist.net/manga/91941/Made_in_Abyss/pics,8.75,"The Abyss, a hole of unprecedented depth—one young girl and a robot brave its dangers to find the truth.

The town of Orth is a special one, as it is built around the edges of the massive Abyss, a wonder which has never been fully explored. Those who venture too far down never return, but those brave enough to traverse its territories are known as ""Cave Raiders"" and are heralded as legends. Within this town lives a young girl called Riko, the child of one of the most famous Cave Raiders of all time who disappeared on an expedition many years ago.

One day, Riko's life changes when she meets a strange robot called Reg, who seems to appear from within the Abyss. Believing this to be a sign from her mother stuck at the bottom of the Abyss, Riko descends into its depths with Reg, ready to confront all the dangers within it.",Publishing,"Tsukushi, Akihito",Mystery
The Empty Box and Zeroth Maria,https://myanimelist.net/manga/55215/Utsuro_no_Hako_to_Zero_no_Maria/pics,8.73,"Kazuki Hoshino values his everyday life above all else. He spends the days carefree with his friends at school, until the uneventful bliss suddenly comes to a halt with the transfer of the aloof beauty Aya Otonashi into his class and her cold, dramatic statement to him immediately upon arrival:

""I'm here to break you. This is the 13,118th time I've transferred. After so many occasions, I have to say that this is all starting to grate on me, which is why this time I'm spicing things up with a proper declaration of war.""

And with those puzzling words, the ordinary days that Kazuki loved so dearly become a cycle of turmoil and fear—Aya's sudden appearance signals the unraveling of unseen mysteries surrounding Kazuki's seemingly normal friends, including the discovery of mysterious devices known as ""boxes.""",Finished,Tetsuo,Mystery
Re: ZERO - Starting Life in Another World,https://myanimelist.net/manga/74697/Re_Zero_kara_Hajimeru_Isekai_Seikatsu/pics,8.72,"Exiting the convenience store, Subaru Natsuki emerges to a busy town inhabited by humans and demi-humans. Using dragons and carriages as transportation, the town is clearly not the modern-day Japan that he is familiar with. However, as someone who spends his days engrossed in comics and games, Subaru assumes that he is a protagonist in this new Mystery world, harnessing supreme magical powers.

Much to his dismay, that is not the case and things quickly go awry as he bumps into a group of thugs. Fortunately, a silver-haired beauty named Satella comes to his rescue, while looking for her stolen insignia. In return for her kindness, Subaru offers to help with the search, which eventually leads them to a loot shop. Assuming that the insignia was traded for money, Subaru enters the shop hoping to negotiate with the owner regarding the stolen item. However, much to his surprise, what awaits them is not the insignia but a brutal assassin that leads the two to their demise.

But instead of waking up in the afterlife, Subaru is shocked to find himself standing alone in the midst of daytime, as if he never left the town in the first place. Thus, his life in another world mysteriously begins a second time.",Publishing,"Ooima, Shinichirou",Mystery
Umineko When They Cry Episode 8: Twilight of the Golden Witch,https://myanimelist.net/manga/34053/Umineko_no_Naku_Koro_ni_Chiru_-_Episode_8__Twilight_of_the_Golden_Witch/pics,8.7,"The last episode of Umineko no Naku Koro ni, features a scenario where Ange is present with her family at the 1986 conference, in an attempt to uncover the heart of the mystery and conclude the long fought struggle between mystery and Mystery.",Finished,"Natsumi, Kei",Mystery
Mushishi,https://myanimelist.net/manga/418/Mushishi/pics,8.67,"""Mushi"": the most basic forms of life in the world. They exist without any goals or purposes aside from simply ""being."" They are beyond the shackles of the words ""good"" and ""evil."" Mushi can exist in countless forms and are capable of mimicking things from the natural world such as plants, diseases, and even phenomena like rainbows.

This is, however, just a vague definition of these entities that inhabit the vibrant world of Mushishi, as to even call them a form of life would be an oversimplification. Detailed information on mushi is scarce because the majority of humans are unaware of their existence.

So what are mushi and why do they exist? This is the question that a ""Mushishi,"" Ginko, ponders constantly. Mushishi are those who research mushi in hopes of understanding their place in the world's hierarchy of life.

Ginko relentlessly chases rumors of occurrences that could be tied to mushi, all for the sake of finding an answer.

It could, after all, lead to the meaning of life itself.",Finished,"Urushibara, Yuki",Mystery
Death Note,https://myanimelist.net/manga/21/Death_Note/pics,8.61,"Ryuk, a god of death, drops his Death Note into the human world for personal pleasure. In Japan, prodigious high school student Light Yagami stumbles upon it. Inside the notebook, he finds a chilling message: those whose names are written in it shall die. Its nonsensical nature amuses Light; but when he tests its power by writing the name of a criminal in it, they suddenly meet their demise.

Realizing the Death Note's vast potential, Light commences a series of nefarious murders under the pseudonym ""Kira,"" vowing to cleanse the world of corrupt individuals and create a perfect society where crime ceases to exist. However, the police quickly catch on, and they enlist the help of L—a mastermind detective—to uncover the culprit.

Death Note tells the thrilling tale of Light and L as they clash in a great battle-of-minds, one that will determine the future of the world.",Finished,"Obata, Takeshi",Mystery
Monogatari Series: First Season,https://myanimelist.net/manga/14893/Monogatari_Series__First_Season/pics,8.97,"This is a story, a ""ghostory"" of sorts, about scars that bond, monsters that haunt, and fakes that deceive.

The story of Koyomi Araragi begins through a fateful encounter with the all-powerful, blonde-haired, ""hot-blooded, iron-blooded, and cold-blooded"" vampire, later introduced as Shinobu Oshino. Their tragic rendezvous results in the end of Araragi's life as a human and his subsequent rebirth as a vampire—a monster. However, this encounter is only the start of his meddlings with the supernatural. Koyomi's noble personality ultimately sees him getting further involved in the lives of others with supernatural afflictions. This is his desperate attempt at returning to a normal human life, in a paranormal world filled with nothing but tragedy, suffering, and inhumanity.",Finished,VOFAN,Comedy
Kaguya-sama: Love is War,https://myanimelist.net/manga/90125/Kaguya-sama_wa_Kokurasetai__Tensai-tachi_no_Renai_Zunousen/pics,8.92,"Considered a genius due to having the highest grades in the country, Miyuki Shirogane leads the prestigious Shuchiin Academy's student council as its president, working alongside the beautiful and wealthy vice president Kaguya Shinomiya. The two are often regarded as the perfect couple by students despite them not being in any sort of romantic relationship.

However, the truth is that after spending so much time together, the two have developed feelings for one another; unfortunately, neither is willing to confess, as doing so would be a sign of weakness. With their pride as elite students on the line, Miyuki and Kaguya embark on a quest to do whatever is necessary to get a confession out of the other. Through their daily antics, the battle of love begins!",Publishing,"Akasaka, Aka",Comedy
"My Youth Romantic Comedy is Wrong, As I Expected",https://myanimelist.net/manga/40171/Yahari_Ore_no_Seishun_Love_Comedy_wa_Machigatteiru/pics,8.76,"Hachiman Hikigaya, a student in Soubu High School, is a cynical loner due to his traumatic past experiences in his social life. This eventually led to him developing a set of ""dead fish eyes"" and a twisted personality similar to that of a petty criminal. Believing that the concept of youth is a lie made up by youngsters who face their failures in denial, he turns in an essay that criticizes this exact mentality of youths. Irritated by the submission, his homeroom teacher, Shizuka Hiratsuka forces him to join the Volunteer Service Club—a club that assists students to solve their problems in life, hoping that helping other people would change his personality.

However, Yukino Yukinoshita, the most beautiful girl in school, is surprisingly the sole member of the club and a loner, albeit colder and smarter than Hikigaya. Their club soon expands when Yui Yuigahama joins them after being helped with her plight, and they begin to accept more requests.

With his status quo as a recluse, Hikigaya attempts to solve problems in his own way, but his methods may prove to be a double-edged sword.",Finished,Ponkan8,Comedy
NANA,https://myanimelist.net/manga/28/Nana/pics,8.66,"Nana Komatsu is a naive, unmotivated girl who spends her high school days chasing one crush after the other. Despite continually facing failure in her quest for love, her spirits have never dampened. At the age of 20, she finds herself on a train to Tokyo with hopes of reuniting with her current boyfriend.

Nana Osaki, on the other hand, is feisty and prideful. After joining a local band during her high school days, she falls in love with music and one of the band members. However, when faced with the choice between her relationship and her musical career, she chooses the latter and separates from her boyfriend. On her 20th birthday, she boards the same train to Tokyo, like her namesake, where she aims to become a top vocalist.

The two girls with the same name but very different aspirations find themselves sitting together on their journey to the city, and, as fate would have it, eventually share the same apartment. A deep and unique bond is then forged, where they will support each other in this saga of love, music, friendship, and heartbreak.",On Hiatus,"Yazawa, Ai",Comedy